Time_utc,BidAskSpread_bp,MidPrice_Open,MidPrice_High,MidPrice_Low,MidPrice_Close
2021-08-30 05:43:00,5.7024193,480185.88,480269.16,479979.3,480065.0
2021-08-30 05:44:00,5.302701,480065.0,480383.25,480005.62,480231.0
2021-08-30 05:45:00,4.7111735,480231.0,480254.56,479914.38,479918.0
2021-08-30 05:46:00,4.04702,479918.0,479993.03,479836.4,479836.5
2021-08-30 05:47:00,5.2463946,479836.5,480489.25,479803.2,480315.7
2021-08-30 05:48:00,5.583868,480315.7,480472.78,479926.34,480132.12
2021-08-30 05:49:00,4.4667187,480132.12,480204.3,479699.0,479796.2
2021-08-30 05:50:00,5.7701435,479796.2,479817.56,479452.28,479702.94
2021-08-30 05:51:00,5.414441,479702.94,479751.25,479462.38,479595.88
2021-08-30 05:52:00,5.0223765,479595.88,480036.62,479512.0,479882.03
2021-08-30 05:53:00,5.3012686,479882.03,480158.06,479722.47,480025.56
2021-08-30 05:54:00,5.22413,480025.56,480113.25,479928.2,480034.62
2021-08-30 05:55:00,5.725594,480034.62,480071.47,479800.06,479920.7
2021-08-30 05:56:00,5.846183,479920.7,479986.88,479653.72,479868.7
2021-08-30 05:57:00,5.9628587,479868.7,479951.44,479755.0,479847.88
2021-08-30 05:58:00,5.1788487,479847.88,480103.22,479607.3,480019.38
2021-08-30 05:59:00,5.793666,480019.38,480323.38,479604.12,480300.2
2021-08-30 06:00:00,6.2150216,480300.2,480520.88,480066.94,480284.3
2021-08-30 06:01:00,6.1520786,480284.3,480295.38,479664.25,479706.53
2021-08-30 06:02:00,5.757332,479706.53,479751.3,479325.1,479635.94
2021-08-30 06:03:00,5.3601317,479635.94,479638.47,479348.8,479411.7
2021-08-30 06:04:00,4.634731,479411.7,479554.9,479282.5,479325.94
2021-08-30 06:05:00,4.0175896,479325.94,479331.22,478767.5,478912.34
2021-08-30 06:06:00,4.787769,478912.34,479511.25,478903.25,479447.3
2021-08-30 06:07:00,5.9569044,479447.3,479453.66,478989.06,479323.62
2021-08-30 06:08:00,5.4859567,479323.62,479439.75,479057.56,479365.8
2021-08-30 06:09:00,4.515145,479365.8,479726.0,479216.7,479650.56
2021-08-30 06:10:00,4.867031,479650.56,479840.47,479536.6,479792.5
2021-08-30 06:11:00,5.2537465,479792.5,479983.75,479606.75,479874.12
2021-08-30 06:12:00,5.369897,479874.12,479940.8,479617.8,479677.44
2021-08-30 06:13:00,5.2142596,479677.44,479678.06,479111.97,479270.3
2021-08-30 06:14:00,5.3849106,479270.3,479559.25,479021.75,479105.88
2021-08-30 06:15:00,4.400243,479105.88,479210.03,478926.25,479118.28
2021-08-30 06:16:00,4.9992523,479118.28,479165.88,478921.84,478950.38
2021-08-30 06:17:00,4.70604,478950.38,479155.3,478839.56,479001.12
2021-08-30 06:18:00,5.3944383,479001.12,479481.1,478895.94,479417.8
2021-08-30 06:19:00,5.1033516,479417.8,479855.75,479348.9,479834.88
2021-08-30 06:20:00,6.3537965,479834.88,480181.66,479570.44,480101.62
2021-08-30 06:21:00,5.2091746,480101.62,480499.38,479744.03,480365.5
2021-08-30 06:22:00,5.56691,480365.5,480397.75,479969.75,480041.94
2021-08-30 06:23:00,5.3187566,480041.94,480212.72,479846.75,480124.3
2021-08-30 06:24:00,6.1486325,480124.3,480124.62,479657.8,479674.03
2021-08-30 06:25:00,5.9922476,479674.03,479761.12,479369.56,479564.4
2021-08-30 06:26:00,5.6754827,479564.4,479825.44,479204.38,479322.47
2021-08-30 06:27:00,6.057841,479322.47,479325.16,479079.3,479140.72
2021-08-30 06:28:00,5.612421,479140.72,479302.84,478855.38,479296.03
2021-08-30 06:29:00,5.602382,479296.03,479357.94,478847.62,478867.2
2021-08-30 06:30:00,6.5173163,478867.2,478996.38,478574.7,478638.44
2021-08-30 06:31:00,5.7886586,478638.44,478985.22,478410.62,478763.12
2021-08-30 06:32:00,5.7591777,478763.12,479044.03,478299.3,478411.38
2021-08-30 06:33:00,6.24806,478411.38,478847.7,478223.3,478301.88
2021-08-30 06:34:00,6.8711095,478301.88,479214.47,478161.7,478779.62
2021-08-30 06:35:00,6.549268,478779.62,479091.22,478240.56,478292.56
2021-08-30 06:36:00,8.256002,478292.56,478314.6,476451.8,477171.9
2021-08-30 06:37:00,12.846827,477171.9,480632.88,476857.47,480028.2
2021-08-30 06:38:00,13.10163,480028.2,480712.12,478927.72,480347.44
2021-08-30 06:39:00,9.307983,480347.44,481180.34,480010.25,480913.62
2021-08-30 06:40:00,8.34299,480913.62,481319.12,480770.72,481155.62
2021-08-30 06:41:00,8.9487915,481155.62,481155.6,480022.5,480129.34
2021-08-30 06:42:00,8.7015295,480129.34,480432.8,479630.1,479969.75
2021-08-30 06:43:00,7.408707,479969.75,479969.75,479364.5,479520.75
2021-08-30 06:44:00,7.469878,479520.75,479950.06,478740.94,479897.53
2021-08-30 06:45:00,6.930527,479897.53,479946.56,479248.8,479395.25
2021-08-30 06:46:00,6.5993967,479395.25,479407.6,478997.12,479230.25
2021-08-30 06:47:00,5.834144,479230.25,479960.44,478934.16,479670.34
2021-08-30 06:48:00,5.918193,479670.34,480225.47,479544.06,480052.47
2021-08-30 06:49:00,6.386282,480052.47,480349.28,479926.12,480180.56
2021-08-30 06:50:00,8.147387,480180.56,481173.3,480014.1,480957.53
2021-08-30 06:51:00,6.428131,480957.53,480969.7,480238.8,480399.94
2021-08-30 06:52:00,6.4497824,480399.94,480729.16,480211.44,480287.8
2021-08-30 06:53:00,5.512169,480287.8,480360.5,480002.28,480140.72
2021-08-30 06:54:00,6.2153845,480140.72,480749.7,480135.88,480257.8
2021-08-30 06:55:00,6.3154335,480257.8,480784.62,480051.2,480478.47
2021-08-30 06:56:00,6.240732,480478.47,480761.5,480235.5,480355.72
2021-08-30 06:57:00,6.365506,480355.72,480482.25,480194.75,480288.62
2021-08-30 06:58:00,5.88312,480288.62,480501.3,480082.28,480163.44
2021-08-30 06:59:00,6.1825604,480163.44,480215.72,479714.94,480149.75
2021-08-30 07:00:00,5.858129,480149.75,480167.4,479718.97,479805.25
2021-08-30 07:01:00,6.1906843,479805.25,480023.47,479122.12,479264.25
2021-08-30 07:02:00,5.6304674,479264.25,479384.94,479167.88,479309.7
2021-08-30 07:03:00,7.095324,479309.7,479810.94,478864.3,478994.38
2021-08-30 07:04:00,6.7728925,478994.38,479254.44,478840.06,478923.5
2021-08-30 07:05:00,6.109457,478923.5,479031.56,478796.12,478861.16
2021-08-30 07:06:00,6.9231563,478861.16,479555.34,478374.03,479458.56
2021-08-30 07:07:00,6.735352,479458.56,479479.12,478500.75,478541.2
2021-08-30 07:08:00,6.7149115,478541.2,479089.5,478511.44,479018.2
2021-08-30 07:09:00,6.171444,479018.2,479081.88,478582.34,478649.44
2021-08-30 07:10:00,6.1415772,478649.44,478878.88,478429.12,478497.06
2021-08-30 07:11:00,5.6302366,478497.06,478560.7,478384.47,478493.97
2021-08-30 07:12:00,6.6183734,478493.97,478630.1,478185.06,478257.06
2021-08-30 07:13:00,6.729994,478257.06,478321.62,477635.38,478164.5
2021-08-30 07:14:00,6.589431,478164.5,478560.0,477845.2,478342.75
2021-08-30 07:15:00,6.179408,478342.75,478386.7,477745.8,478378.7
2021-08-30 07:16:00,5.7584743,478378.7,478389.47,477667.34,477695.6
2021-08-30 07:17:00,7.44092,477695.6,478893.06,477520.47,478513.62
2021-08-30 07:18:00,5.543248,478513.62,478663.88,478419.56,478475.44
2021-08-30 07:19:00,6.6525474,478475.44,479512.56,478134.94,478987.25
2021-08-30 07:20:00,8.069628,478987.25,479309.2,478778.44,478907.25
2021-08-30 07:21:00,6.8628163,478907.25,479773.6,478724.66,479709.5
2021-08-30 07:22:00,7.8800454,479709.5,479729.1,478733.47,478892.75
2021-08-30 07:23:00,7.562994,478892.75,479487.4,478623.75,479304.38
2021-08-30 07:24:00,8.794602,479304.38,479889.9,479172.38,479543.56
2021-08-30 07:25:00,6.5940857,479543.56,479818.56,479370.3,479710.88
2021-08-30 07:26:00,7.456233,479710.88,480038.6,479177.12,479939.38
2021-08-30 07:27:00,6.467873,479939.38,480304.06,479752.72,480223.94
2021-08-30 07:28:00,6.7428412,480223.94,480322.53,479895.94,480010.56
2021-08-30 07:29:00,6.8133426,480010.56,480378.56,479909.7,480311.78
2021-08-30 07:30:00,6.166526,480311.78,480327.8,480119.44,480188.62
2021-08-30 07:31:00,6.151064,480188.62,480247.0,479616.94,479986.22
2021-08-30 07:32:00,6.06617,479986.22,480163.38,479809.2,479919.34
2021-08-30 07:33:00,5.884697,479919.34,480442.94,479875.78,480176.44
2021-08-30 07:34:00,6.470356,480176.44,480232.84,479593.7,480130.0
2021-08-30 07:35:00,5.6771207,480130.0,480354.25,479965.34,480073.2
2021-08-30 07:36:00,5.9144855,480073.2,480103.1,479492.12,479579.88
2021-08-30 07:37:00,6.2959437,479579.88,479654.44,479412.8,479447.94
2021-08-30 07:38:00,6.0340543,479447.94,479460.84,479277.2,479408.0
2021-08-30 07:39:00,6.2622433,479408.0,479500.7,479156.75,479236.88
2021-08-30 07:40:00,5.424298,479236.88,479403.56,479085.8,479209.25
2021-08-30 07:41:00,5.498304,479209.25,479244.06,478917.94,479055.2
2021-08-30 07:42:00,6.8261714,479055.2,479179.94,478854.0,478938.1
2021-08-30 07:43:00,6.7853956,478938.1,479816.0,478912.38,479038.22
2021-08-30 07:44:00,6.8788934,479038.22,479098.0,478671.03,478880.12
2021-08-30 07:45:00,5.769426,478880.12,479031.56,478769.84,478866.03
2021-08-30 07:46:00,5.1325536,478866.03,479294.06,478850.0,479035.25
2021-08-30 07:47:00,6.3275867,479035.25,479098.7,478543.66,478581.62
2021-08-30 07:48:00,6.8612366,478581.62,478962.94,478558.53,478785.94
2021-08-30 07:49:00,7.861618,478785.94,479841.88,478744.7,479634.3
2021-08-30 07:50:00,7.2313495,479634.3,479788.88,479556.78,479714.06
2021-08-30 07:51:00,6.690263,479714.06,479724.25,479379.2,479486.97
2021-08-30 07:52:00,6.282699,479486.97,479584.53,479346.94,479568.12
2021-08-30 07:53:00,6.4133224,479568.12,479636.88,479296.88,479440.12
2021-08-30 07:54:00,6.257753,479440.12,479694.25,479315.56,479553.7
2021-08-30 07:55:00,6.286151,479553.7,479919.62,479069.0,479878.94
2021-08-30 07:56:00,5.4446425,479878.94,479911.7,479373.5,479390.34
2021-08-30 07:57:00,5.159628,479390.34,479488.75,479274.38,479364.3
2021-08-30 07:58:00,6.8939414,479364.3,479433.47,478751.34,478941.4
2021-08-30 07:59:00,7.530059,478941.4,479842.62,478874.72,479681.7
2021-08-30 08:00:00,6.557397,479681.7,479773.56,479517.06,479600.56
2021-08-30 08:01:00,6.0507812,479600.56,479618.66,479231.78,479297.8
2021-08-30 08:02:00,5.3382,479297.8,479330.3,479107.12,479182.62
2021-08-30 08:03:00,6.0356846,479182.62,479206.75,478634.62,478821.8
2021-08-30 08:04:00,4.573342,478821.8,478871.7,478695.7,478786.12
2021-08-30 08:05:00,8.393531,478786.12,480203.4,478514.12,479320.62
2021-08-30 08:06:00,5.4821467,479320.62,479503.72,479107.44,479305.7
2021-08-30 08:07:00,5.5296082,479305.7,479373.38,479204.88,479326.8
2021-08-30 08:08:00,5.004358,479326.8,479578.44,479101.25,479284.94
2021-08-30 08:09:00,4.443941,479284.94,479323.8,479126.06,479183.78
2021-08-30 08:10:00,4.9177346,479183.78,479310.2,479133.97,479145.88
2021-08-30 08:11:00,4.677698,479145.88,479207.1,478931.7,479047.72
2021-08-30 08:12:00,5.288631,479047.72,479648.47,478864.38,479386.22
2021-08-30 08:13:00,4.2898655,479386.22,479450.75,479209.0,479277.2
2021-08-30 08:14:00,4.436107,479277.2,479511.3,478949.66,479283.94
2021-08-30 08:15:00,3.9376729,479283.94,479447.0,479032.53,479223.2
2021-08-30 08:16:00,4.1704874,479223.2,479226.22,478848.12,478949.56
2021-08-30 08:17:00,4.2785273,478949.56,479061.75,478720.28,478997.94
2021-08-30 08:18:00,4.7804565,478997.94,479004.34,478849.72,478896.84
2021-08-30 08:19:00,4.8315396,478896.84,478949.22,478847.88,478898.8
2021-08-30 08:20:00,5.7985563,478898.8,479288.7,478897.38,479212.2
2021-08-30 08:21:00,4.652393,479212.2,479239.2,478862.7,478915.94
2021-08-30 08:22:00,4.776726,478915.94,479013.12,478861.56,478945.3
2021-08-30 08:23:00,5.1016083,478945.3,478993.25,478849.25,478965.62
2021-08-30 08:24:00,5.133448,478965.62,479553.12,478897.75,479505.1
2021-08-30 08:25:00,5.9670577,479505.1,479936.8,479489.44,479904.88
2021-08-30 08:26:00,5.3597426,479904.88,480371.7,479897.88,480299.06
2021-08-30 08:27:00,6.731139,480299.06,480531.38,480055.78,480118.56
2021-08-30 08:28:00,5.5401855,480118.56,480584.56,480028.62,480325.62
2021-08-30 08:29:00,5.388207,480325.62,480575.3,480156.25,480501.06
2021-08-30 08:30:00,5.3206234,480501.06,480778.84,480378.8,480591.4
2021-08-30 08:31:00,4.793434,480591.4,480594.06,480035.3,480066.25
2021-08-30 08:32:00,5.556027,480066.25,480152.8,479906.94,480103.03
2021-08-30 08:33:00,4.8959966,480103.03,480290.44,480023.88,480202.44
2021-08-30 08:34:00,4.358435,480202.44,480442.62,480172.84,480369.94
2021-08-30 08:35:00,5.297517,480369.94,480543.38,480138.75,480485.06
2021-08-30 08:36:00,5.6319776,480485.06,480953.62,480352.28,480736.2
2021-08-30 08:37:00,6.0792193,480736.2,480783.88,480443.7,480493.75
2021-08-30 08:38:00,5.3004694,480493.75,480814.06,480481.06,480752.0
2021-08-30 08:39:00,3.1081991,480752.0,480906.97,480665.5,480876.44
2021-08-30 08:40:00,4.9362955,480876.44,481299.75,480600.88,481232.94
2021-08-30 08:41:00,3.782716,481232.94,481467.72,481074.06,481449.12
2021-08-30 08:42:00,5.249725,481449.12,482137.62,481293.28,481922.94
2021-08-30 08:43:00,6.11187,481922.94,482014.03,481453.0,481630.0
2021-08-30 08:44:00,6.1526237,481630.0,482501.88,481531.25,482224.25
2021-08-30 08:45:00,6.692806,482224.25,482313.94,481950.9,482076.28
2021-08-30 08:46:00,5.351318,482076.28,482331.44,481978.38,482222.47
2021-08-30 08:47:00,5.9446974,482222.47,482262.06,481804.5,481995.22
2021-08-30 08:48:00,5.2187147,481995.22,482017.88,481665.44,481744.28
2021-08-30 08:49:00,5.1052485,481744.28,481989.94,481600.06,481791.5
2021-08-30 08:50:00,4.7999816,481791.5,481793.6,481607.06,481675.56
2021-08-30 08:51:00,4.776803,481675.56,481698.16,481516.38,481530.97
2021-08-30 08:52:00,4.5836663,481530.97,481564.0,481238.06,481322.88
2021-08-30 08:53:00,6.0478067,481322.88,481677.16,481270.28,481581.5
2021-08-30 08:54:00,6.247807,481581.5,481585.84,481418.3,481488.88
2021-08-30 08:55:00,5.060595,481488.88,481733.53,481436.7,481655.56
2021-08-30 08:56:00,4.705026,481655.56,481673.5,481303.16,481372.12
2021-08-30 08:57:00,5.901057,481372.12,481420.25,481073.38,481095.7
2021-08-30 08:58:00,5.1534095,481095.7,481116.72,480847.62,481004.62
2021-08-30 08:59:00,5.4277105,481004.62,481313.62,480930.7,481005.97
2021-08-30 09:00:00,4.739145,481005.97,481114.16,480902.28,481057.5
2021-08-30 09:01:00,5.3544602,481057.5,481073.4,480878.2,480995.6
2021-08-30 09:02:00,3.6763575,480995.6,481232.06,480918.1,481094.0
2021-08-30 09:03:00,5.041861,481094.0,481374.06,480669.66,480728.7
2021-08-30 09:04:00,5.7479506,480728.7,480750.44,480326.56,480400.75
2021-08-30 09:05:00,5.728122,480400.75,480447.12,480051.8,480270.28
2021-08-30 09:06:00,6.712298,480270.28,480304.0,479373.94,479719.75
2021-08-30 09:07:00,6.3288927,479719.75,480105.25,479689.0,480085.7
2021-08-30 09:08:00,5.428016,480085.7,480097.8,479646.84,479906.25
2021-08-30 09:09:00,5.5974836,479906.25,480164.7,479876.75,480110.6
2021-08-30 09:10:00,4.8138347,480110.6,480202.34,479905.34,479988.12
2021-08-30 09:11:00,5.1872005,479988.12,479988.22,479709.28,479727.0
2021-08-30 09:12:00,4.2562895,479727.0,479862.94,479592.16,479593.3
2021-08-30 09:13:00,3.817013,479593.3,479840.94,479584.6,479785.7
2021-08-30 09:14:00,5.188756,479785.7,480414.75,479785.7,480156.47
2021-08-30 09:15:00,4.347019,480156.47,480187.7,479674.12,479783.3
2021-08-30 09:16:00,4.650285,479783.3,480315.75,479724.3,480244.06
2021-08-30 09:17:00,6.126393,480244.06,480881.8,480113.44,480490.9
2021-08-30 09:18:00,5.8591127,480490.9,481115.94,480363.0,480959.12
2021-08-30 09:19:00,6.005717,480959.12,481624.3,480917.56,481442.12
2021-08-30 09:20:00,6.164119,481442.12,481511.62,481067.47,481209.6
2021-08-30 09:21:00,5.133558,481209.6,481258.8,480901.84,480996.16
2021-08-30 09:22:00,5.6544952,480996.16,480996.25,480606.44,480790.94
2021-08-30 09:23:00,5.7499814,480790.94,480876.16,480525.03,480623.28
2021-08-30 09:24:00,4.910939,480623.28,480916.0,480543.62,480656.8
2021-08-30 09:25:00,3.5054338,480656.8,480686.3,480622.38,480658.5
2021-08-30 09:26:00,4.3652596,480658.5,480688.2,480270.4,480437.8
2021-08-30 09:27:00,4.434779,480437.8,480659.5,480395.03,480510.66
2021-08-30 09:28:00,4.956792,480510.66,480555.5,480374.5,480446.5
2021-08-30 09:29:00,4.1733356,480446.5,480706.12,480235.1,480284.34
2021-08-30 09:30:00,4.70464,480284.34,480285.84,480049.97,480107.5
2021-08-30 09:31:00,3.89831,480107.5,480800.5,480080.34,480698.9
2021-08-30 09:32:00,5.4798827,480698.9,480775.62,480125.5,480667.22
2021-08-30 09:33:00,4.628806,480667.22,480778.62,480516.2,480657.5
2021-08-30 09:34:00,4.815237,480657.5,480719.8,480274.12,480348.88
2021-08-30 09:35:00,4.9312367,480348.88,480350.62,480068.84,480093.75
2021-08-30 09:36:00,4.457575,480093.75,480105.06,479756.3,479974.0
2021-08-30 09:37:00,5.092055,479974.0,480115.75,479587.94,479719.56
2021-08-30 09:38:00,5.34967,479719.56,480069.7,479693.44,480021.06
2021-08-30 09:39:00,5.25587,480021.06,480079.75,479780.66,479976.56
2021-08-30 09:40:00,5.9262757,479976.56,480832.56,479970.5,480205.25
2021-08-30 09:41:00,5.399221,480205.25,480272.16,479814.75,479994.4
2021-08-30 09:42:00,5.0095677,479994.4,480372.62,479985.75,480254.2
2021-08-30 09:43:00,4.5747485,480254.2,480275.16,479931.72,479971.7
2021-08-30 09:44:00,5.52069,479971.7,480058.12,479735.75,479929.44
2021-08-30 09:45:00,5.093855,479929.44,480029.25,479731.66,479750.62
2021-08-30 09:46:00,5.9430156,479750.62,479914.2,479691.47,479801.62
2021-08-30 09:47:00,5.8912992,479801.62,479894.22,479721.62,479861.53
2021-08-30 09:48:00,5.839133,479861.53,480030.3,479736.2,479951.62
2021-08-30 09:49:00,5.708129,479951.62,480290.2,479665.8,479802.12
2021-08-30 09:50:00,5.23539,479802.12,479923.56,479615.5,479632.75
2021-08-30 09:51:00,5.9742317,479632.75,479760.94,479389.56,479451.1
2021-08-30 09:52:00,6.9648914,479451.1,479602.22,478854.06,479307.56
2021-08-30 09:53:00,6.5533466,479307.56,479587.7,479211.62,479325.44
2021-08-30 09:54:00,6.0760336,479325.44,479601.38,479081.34,479538.8
2021-08-30 09:55:00,5.7737093,479538.8,480053.44,479326.75,479358.47
2021-08-30 09:56:00,5.581917,479358.47,479518.94,479259.06,479308.0
2021-08-30 09:57:00,5.4976625,479308.0,479658.97,479299.06,479527.94
2021-08-30 09:58:00,5.025631,479527.94,480045.0,479331.0,479967.3
2021-08-30 09:59:00,5.3223205,479967.3,480015.38,479591.75,479608.47
2021-08-30 10:00:00,6.202928,479608.47,479699.88,479293.97,479401.0
2021-08-30 10:01:00,5.815787,479401.0,479397.94,478965.0,479012.44
2021-08-30 10:02:00,6.477597,479012.44,479186.3,478838.88,478958.7
2021-08-30 10:03:00,5.7261,478958.7,479455.2,478888.0,479387.12
2021-08-30 10:04:00,4.845875,479387.12,479425.8,479037.44,479134.5
2021-08-30 10:05:00,5.2477336,479134.5,479195.12,478838.2,479000.8
2021-08-30 10:06:00,5.217106,479000.8,479029.0,478864.06,478905.78
2021-08-30 10:07:00,4.645106,478905.78,479228.38,478885.7,479119.12
2021-08-30 10:08:00,5.384858,479119.12,479450.8,479030.38,479135.1
2021-08-30 10:09:00,5.7569647,479135.1,479138.9,478833.38,478974.94
2021-08-30 10:10:00,6.6401806,478974.94,478999.97,478202.38,478481.8
2021-08-30 10:11:00,6.242005,478481.8,478789.2,478265.56,478444.97
2021-08-30 10:12:00,6.0875354,478444.97,479073.5,478342.38,478852.38
2021-08-30 10:13:00,6.225868,478852.38,479389.44,478655.62,478955.44
2021-08-30 10:14:00,5.387711,478955.44,479427.84,478858.88,479205.16
2021-08-30 10:15:00,5.040189,479205.16,479273.7,479004.0,479147.28
2021-08-30 10:16:00,4.938375,479147.28,479153.9,478933.25,479080.94
2021-08-30 10:17:00,6.182584,479080.94,479665.66,479008.56,479590.22
2021-08-30 10:18:00,5.2377872,479590.22,479702.78,479212.88,479216.25
2021-08-30 10:19:00,5.3044,479216.25,479386.5,478932.72,479014.88
2021-08-30 10:20:00,5.6167994,479014.88,479601.06,479006.06,479563.97
2021-08-30 10:21:00,5.2273045,479563.97,479620.75,479140.5,479320.56
2021-08-30 10:22:00,4.749086,479320.56,479343.44,479022.12,479266.97
2021-08-30 10:23:00,4.6015735,479266.97,479280.94,478959.5,479002.5
2021-08-30 10:24:00,4.6274056,479002.5,479279.62,478910.44,479162.44
2021-08-30 10:25:00,5.3171587,479162.44,479571.72,479134.12,479493.56
2021-08-30 10:26:00,5.0644593,479493.56,479517.5,479146.2,479229.62
2021-08-30 10:27:00,5.5069513,479229.62,479428.75,479085.3,479312.75
2021-08-30 10:28:00,5.518419,479312.75,479330.44,479017.38,479118.72
2021-08-30 10:29:00,4.414952,479118.72,479164.97,478866.28,478957.7
2021-08-30 10:30:00,4.705366,478957.7,479152.06,478850.7,479122.5
2021-08-30 10:31:00,5.2999682,479122.5,479191.62,478825.03,478865.0
2021-08-30 10:32:00,4.9805436,478865.0,479055.38,478834.6,478893.5
2021-08-30 10:33:00,4.6152573,478893.5,478896.7,478531.38,478667.72
2021-08-30 10:34:00,6.15243,478667.72,479717.56,478665.84,479335.0
2021-08-30 10:35:00,5.3753824,479335.0,479906.0,479015.88,479822.53
2021-08-30 10:36:00,5.165077,479822.53,479877.5,479463.5,479608.06
2021-08-30 10:37:00,5.587112,479608.06,479647.62,479331.38,479482.7
2021-08-30 10:38:00,5.897495,479482.7,479557.7,479267.2,479292.4
2021-08-30 10:39:00,4.9873614,479292.4,479449.38,478995.28,479019.7
2021-08-30 10:40:00,5.0912304,479019.7,479637.56,478975.3,479494.72
2021-08-30 10:41:00,5.0056005,479494.72,479550.56,479116.34,479198.5
2021-08-30 10:42:00,5.255878,479198.5,479325.25,479098.12,479206.62
2021-08-30 10:43:00,5.570705,479206.62,479289.2,479040.2,479159.75
2021-08-30 10:44:00,4.925967,479159.75,479271.38,478965.62,479270.72
2021-08-30 10:45:00,5.5439596,479270.72,479482.5,478994.88,479391.44
2021-08-30 10:46:00,5.006658,479391.44,479651.8,479296.7,479479.62
2021-08-30 10:47:00,5.1474705,479479.62,479926.06,479466.6,479838.7
2021-08-30 10:48:00,5.911972,479838.7,480564.1,479779.8,480520.7
2021-08-30 10:49:00,5.5325375,480520.7,480549.62,480056.88,480183.28
2021-08-30 10:50:00,5.595315,480183.28,480634.12,480175.88,480436.38
2021-08-30 10:51:00,6.110956,480436.38,480798.78,480408.4,480689.8
2021-08-30 10:52:00,5.0762143,480689.8,480783.7,480372.06,480587.88
2021-08-30 10:53:00,5.0614147,480587.88,480708.75,480372.06,480590.12
2021-08-30 10:54:00,4.271702,480590.12,480777.62,480515.0,480706.7
2021-08-30 10:55:00,4.368793,480706.7,480873.8,480598.88,480643.94
2021-08-30 10:56:00,4.1878567,480643.94,480691.06,480419.0,480471.0
2021-08-30 10:57:00,4.3350315,480471.0,480549.2,480368.5,480425.3
2021-08-30 10:58:00,4.7205143,480425.3,480502.38,480400.94,480455.16
2021-08-30 10:59:00,4.6379623,480455.16,480513.3,480370.38,480397.8
2021-08-30 11:00:00,3.7833388,480397.8,480397.94,480279.94,480316.06
2021-08-30 11:01:00,4.0482693,480316.06,480333.44,480091.88,480139.5
2021-08-30 11:02:00,5.273724,480139.5,480584.3,480057.56,480290.56
2021-08-30 11:03:00,5.1053066,480290.56,480308.06,480000.56,480148.6
2021-08-30 11:04:00,4.858956,480148.6,480163.38,480051.1,480066.5
2021-08-30 11:05:00,5.742863,480066.5,480332.8,479736.12,479995.94
2021-08-30 11:06:00,5.27757,479995.94,480135.88,479842.1,479883.2
2021-08-30 11:07:00,5.819125,479883.2,479892.8,479673.44,479830.84
2021-08-30 11:08:00,5.8861384,479830.84,479835.25,479618.8,479678.25
2021-08-30 11:09:00,4.0947185,479678.25,479949.56,479620.75,479653.3
2021-08-30 11:10:00,5.4622016,479653.3,479766.38,479363.0,479550.72
2021-08-30 11:11:00,5.358562,479550.72,479648.88,479353.9,479485.97
2021-08-30 11:12:00,5.0223985,479485.97,479750.53,479448.94,479568.88
2021-08-30 11:13:00,5.457576,479568.88,479784.25,479137.2,479175.03
2021-08-30 11:14:00,4.7560515,479175.03,479323.6,479029.5,479090.38
2021-08-30 11:15:00,5.091886,479090.38,479254.06,479029.0,479110.38
2021-08-30 11:16:00,6.0320687,479110.38,479137.94,478950.75,479055.7
2021-08-30 11:17:00,5.8380957,479055.7,479109.75,478844.84,478989.56
2021-08-30 11:18:00,5.027699,478989.56,478998.3,478672.06,478750.56
2021-08-30 11:19:00,6.4224358,478750.56,478765.9,478595.75,478715.3
2021-08-30 11:20:00,5.2566843,478715.3,478851.62,478638.56,478834.88
2021-08-30 11:21:00,5.6656947,478834.88,478855.94,478626.2,478699.75
2021-08-30 11:22:00,6.150053,478699.75,479172.12,478538.56,478592.3
2021-08-30 11:23:00,5.9704475,478592.3,478731.3,478424.72,478597.25
2021-08-30 11:24:00,5.302125,478597.25,478934.84,478567.88,478818.7
2021-08-30 11:25:00,4.8178134,478818.7,478907.75,478756.34,478874.72
2021-08-30 11:26:00,5.4081726,478874.72,478883.75,478326.06,478402.56
2021-08-30 11:27:00,5.841985,478402.56,478510.06,478139.38,478433.94
2021-08-30 11:28:00,5.9601164,478433.94,478630.75,478025.38,478102.2
2021-08-30 11:29:00,6.1995645,478102.2,478216.25,477831.8,477881.94
2021-08-30 11:30:00,6.415615,477881.94,477983.22,477627.0,477866.94
2021-08-30 11:31:00,6.6359706,477866.94,477886.66,477168.25,477300.25
2021-08-30 11:32:00,6.7128386,477300.25,477566.3,476798.25,476839.5
2021-08-30 11:33:00,7.2031393,476839.5,477401.53,476650.62,477146.88
2021-08-30 11:34:00,7.1799755,477146.88,477180.3,476757.88,476997.25
2021-08-30 11:35:00,6.5615935,476997.25,477064.8,476588.16,476674.62
2021-08-30 11:36:00,6.7742825,476674.62,477095.94,476575.12,477040.62
2021-08-30 11:37:00,7.3341613,477040.62,477557.75,476908.62,477412.22
2021-08-30 11:38:00,5.6304917,477412.22,477638.56,477185.97,477273.88
2021-08-30 11:39:00,6.6403656,477273.88,477610.2,476826.25,477201.12
2021-08-30 11:40:00,6.433862,477201.12,477636.44,477060.44,477503.12
2021-08-30 11:41:00,7.0078125,477503.12,478283.3,477331.78,478246.06
2021-08-30 11:42:00,6.649138,478246.06,478925.94,478152.72,478923.25
2021-08-30 11:43:00,7.132904,478923.25,479264.88,478676.25,478761.38
2021-08-30 11:44:00,5.8903947,478761.38,479313.38,478725.34,479257.75
2021-08-30 11:45:00,6.4056416,479257.75,479711.7,479179.56,479646.44
2021-08-30 11:46:00,6.777192,479646.44,479832.8,479175.88,479249.94
2021-08-30 11:47:00,5.984162,479249.94,479339.72,478794.72,479222.8
2021-08-30 11:48:00,5.4803762,479222.8,479267.25,478530.88,478588.16
2021-08-30 11:49:00,6.8302836,478588.16,479291.94,478583.8,479250.84
2021-08-30 11:50:00,5.400697,479250.84,479256.3,478689.06,478741.78
2021-08-30 11:51:00,5.7395873,478741.78,478866.25,478592.25,478705.4
2021-08-30 11:52:00,5.4664025,478705.4,478768.5,478432.25,478593.88
2021-08-30 11:53:00,5.5322714,478593.88,478645.06,478397.6,478509.75
2021-08-30 11:54:00,5.574134,478509.75,478608.34,478166.88,478196.66
2021-08-30 11:55:00,6.1649094,478196.66,478427.44,478190.94,478298.44
2021-08-30 11:56:00,4.9591517,478298.44,478330.1,477951.6,478028.5
2021-08-30 11:57:00,5.802111,478028.5,478302.66,477965.12,478191.0
2021-08-30 11:58:00,6.285173,478191.0,479196.12,478145.8,479140.5
2021-08-30 11:59:00,7.2262216,479140.5,479281.8,478484.7,478927.56
2021-08-30 12:00:00,6.7296867,478927.56,479486.56,478899.38,479309.88
2021-08-30 12:01:00,6.3304214,479309.88,479396.0,478633.06,478665.28
2021-08-30 12:02:00,5.760563,478665.28,478842.8,478483.25,478707.75
2021-08-30 12:03:00,7.0173664,478707.75,478711.06,478381.0,478514.53
2021-08-30 12:04:00,6.026418,478514.53,478594.47,478077.0,478154.03
2021-08-30 12:05:00,6.270164,478154.03,478194.66,477969.25,478017.4
2021-08-30 12:06:00,6.4062824,478017.4,478098.7,477906.7,478023.7
2021-08-30 12:07:00,6.649837,478023.7,478325.94,477898.66,478268.06
2021-08-30 12:08:00,6.9508324,478268.06,478709.06,477886.0,478424.25
2021-08-30 12:09:00,7.96738,478424.25,478501.5,477817.75,477885.5
2021-08-30 12:10:00,7.0123444,477885.5,477932.2,477497.7,477535.1
2021-08-30 12:11:00,6.96268,477535.1,477865.2,477235.62,477281.12
2021-08-30 12:12:00,7.3653307,477281.12,477734.12,477166.16,477261.3
2021-08-30 12:13:00,7.2402797,477261.3,477272.5,476862.06,476907.8
2021-08-30 12:14:00,8.445921,476907.8,477231.7,476874.53,476915.06
2021-08-30 12:15:00,8.572122,476915.06,477695.7,476901.75,477123.88
2021-08-30 12:16:00,7.401514,477123.88,477717.2,476938.22,476952.53
2021-08-30 12:17:00,5.552463,476952.53,477098.3,476315.56,476317.75
2021-08-30 12:18:00,9.162508,476317.75,477165.78,476102.2,476724.97
2021-08-30 12:19:00,7.488309,476724.97,477223.3,476352.12,476392.44
2021-08-30 12:20:00,6.652844,476392.44,477002.44,476392.16,476769.0
2021-08-30 12:21:00,7.153362,476769.0,476835.44,476313.8,476673.4
2021-08-30 12:22:00,7.113004,476673.4,476822.62,476409.0,476518.44
2021-08-30 12:23:00,5.978829,476518.44,476580.56,476189.3,476256.5
2021-08-30 12:24:00,8.898063,476256.5,476598.3,475601.38,475851.75
2021-08-30 12:25:00,7.8565536,475851.75,476235.3,475721.56,475817.44
2021-08-30 12:26:00,8.025388,475817.44,476584.6,475761.3,476141.03
2021-08-30 12:27:00,7.1831746,476141.03,476485.7,475788.2,475937.6
2021-08-30 12:28:00,5.6898427,475937.6,475987.4,475603.88,475623.75
2021-08-30 12:29:00,7.1146903,475623.75,476183.9,475310.88,475580.84
2021-08-30 12:30:00,7.0651135,475580.84,475986.3,475550.12,475652.16
2021-08-30 12:31:00,7.5206876,475652.16,476197.7,475518.44,476093.2
2021-08-30 12:32:00,6.9774837,476093.2,476315.75,475837.8,475956.2
2021-08-30 12:33:00,6.509033,475956.2,476274.2,475844.44,475911.75
2021-08-30 12:34:00,6.0125456,475911.75,476390.12,475869.22,476281.88
2021-08-30 12:35:00,5.5320945,476281.88,476414.62,476097.75,476359.62
2021-08-30 12:36:00,6.1124926,476359.62,476380.3,475918.66,476207.62
2021-08-30 12:37:00,6.104368,476207.62,476291.8,475856.5,476155.88
2021-08-30 12:38:00,5.9418764,476155.88,476257.12,475687.12,475729.5
2021-08-30 12:39:00,6.871772,475729.5,475778.7,475233.12,475351.44
2021-08-30 12:40:00,6.781837,475351.44,476369.44,475266.12,475330.44
2021-08-30 12:41:00,7.171431,475330.44,476156.5,475266.2,475994.06
2021-08-30 12:42:00,7.2831755,475994.06,476200.28,475708.66,475981.38
2021-08-30 12:43:00,6.981043,475981.38,476002.7,475569.56,475816.44
2021-08-30 12:44:00,7.4316993,475816.44,476516.5,475811.66,476464.56
2021-08-30 12:45:00,7.4201355,476464.56,477265.7,476458.62,477004.53
2021-08-30 12:46:00,9.340806,477004.53,478063.44,476288.6,477700.5
2021-08-30 12:47:00,7.450377,477700.5,477699.7,476990.53,477074.2
2021-08-30 12:48:00,6.1868005,477074.2,477530.12,476897.03,477359.88
2021-08-30 12:49:00,6.4863114,477359.88,477612.88,476947.7,477051.44
2021-08-30 12:50:00,6.4414945,477051.44,477344.44,476724.44,476800.4
2021-08-30 12:51:00,5.975837,476800.4,476942.06,476572.3,476644.62
2021-08-30 12:52:00,6.193504,476644.62,476815.16,476471.5,476510.38
2021-08-30 12:53:00,5.856533,476510.38,477211.38,476492.94,477114.7
2021-08-30 12:54:00,6.026625,477114.7,477266.5,476679.2,476689.5
2021-08-30 12:55:00,6.31568,476689.5,477603.5,476681.8,477386.62
2021-08-30 12:56:00,5.916155,477386.62,477503.25,476987.9,477027.12
2021-08-30 12:57:00,4.224641,477027.12,477054.2,476513.97,476539.0
2021-08-30 12:58:00,4.104749,476539.0,476543.7,476143.2,476256.78
2021-08-30 12:59:00,7.0594735,476256.78,476293.3,475565.16,475702.9
2021-08-30 13:00:00,7.450942,475702.9,476161.38,475481.3,476013.97
2021-08-30 13:01:00,7.0885267,476013.97,476344.0,475515.75,476185.47
2021-08-30 13:02:00,6.2209373,476185.47,476507.06,475930.53,476299.06
2021-08-30 13:03:00,5.4415007,476299.06,476504.8,476164.06,476202.25
2021-08-30 13:04:00,6.506842,476202.25,476323.06,475927.38,476026.38
2021-08-30 13:05:00,6.672814,476026.38,476141.8,475877.9,475981.9
2021-08-30 13:06:00,6.6523824,475981.9,476003.38,475770.7,475782.44
2021-08-30 13:07:00,5.70681,475782.44,475853.62,475485.0,475573.4
2021-08-30 13:08:00,5.991123,475573.4,475781.12,475500.3,475607.62
2021-08-30 13:09:00,6.294305,475607.62,475751.03,475351.88,475438.75
2021-08-30 13:10:00,6.4990873,475438.75,475604.1,475231.44,475385.7
2021-08-30 13:11:00,5.480901,475385.7,475764.44,475116.2,475466.7
2021-08-30 13:12:00,5.6410365,475466.7,476039.75,475443.06,475669.56
2021-08-30 13:13:00,5.935617,475669.56,475858.75,475393.66,475417.16
2021-08-30 13:14:00,7.17107,475417.16,475451.88,474555.9,474812.4
2021-08-30 13:15:00,7.397771,474812.4,474928.72,473948.56,474824.8
2021-08-30 13:16:00,9.430371,474824.8,475417.88,474318.12,475276.06
2021-08-30 13:17:00,6.955295,475276.06,476100.84,475240.62,475660.16
2021-08-30 13:18:00,6.7959213,475660.16,476308.0,475557.94,476274.12
2021-08-30 13:19:00,6.1799974,476274.12,476544.94,475975.78,476535.2
2021-08-30 13:20:00,5.743313,476535.2,476910.06,476241.28,476613.72
2021-08-30 13:21:00,7.005076,476613.72,476891.38,476112.38,476849.2
2021-08-30 13:22:00,7.165306,476849.2,477153.56,476239.47,476302.0
2021-08-30 13:23:00,5.668433,476302.0,476793.88,476257.56,476610.5
2021-08-30 13:24:00,5.9330206,476610.5,476660.97,475976.5,476077.1
2021-08-30 13:25:00,6.5759516,476077.1,476442.72,475733.88,476040.38
2021-08-30 13:26:00,5.9070134,476040.38,476218.7,475700.2,475874.7
2021-08-30 13:27:00,5.3058257,475874.7,475916.25,475608.12,475807.8
2021-08-30 13:28:00,4.988193,475807.8,476032.94,475804.75,476032.88
2021-08-30 13:29:00,4.846207,476032.88,476295.22,475699.47,475800.44
2021-08-30 13:30:00,6.8964334,475800.44,475867.8,475113.56,475348.2
2021-08-30 13:31:00,6.301311,475348.2,475437.03,474956.66,475222.0
2021-08-30 13:32:00,5.751927,475222.0,475512.88,475140.38,475268.5
2021-08-30 13:33:00,6.4255395,475268.5,476050.3,475200.0,475837.06
2021-08-30 13:34:00,6.437151,475837.06,476119.0,475705.56,475952.56
2021-08-30 13:35:00,6.295882,475952.56,476862.97,475909.56,476859.62
2021-08-30 13:36:00,7.4715447,476859.62,477031.9,476545.3,476713.88
2021-08-30 13:37:00,6.7750387,476713.88,477345.56,476610.06,477269.3
2021-08-30 13:38:00,6.173268,477269.3,477347.2,476819.72,477061.12
2021-08-30 13:39:00,5.648371,477061.12,477240.78,476941.12,477075.78
2021-08-30 13:40:00,6.0129366,477075.78,477213.7,476941.25,477126.38
2021-08-30 13:41:00,4.3141937,477126.38,477496.34,477098.5,477428.94
2021-08-30 13:42:00,4.9065824,477428.94,477453.8,477142.88,477252.06
2021-08-30 13:43:00,5.758992,477252.06,477270.2,476698.47,476755.5
2021-08-30 13:44:00,3.629142,476755.5,476853.5,476483.3,476510.5
2021-08-30 13:45:00,4.234263,476510.5,476856.75,476272.56,476598.5
2021-08-30 13:46:00,5.7681303,476598.5,476847.34,476389.94,476532.62
2021-08-30 13:47:00,5.4392614,476532.62,477159.34,476522.06,477099.7
2021-08-30 13:48:00,6.088736,477099.7,477150.97,476488.8,476782.5
2021-08-30 13:49:00,6.3503246,476782.5,477286.12,476734.5,477159.9
2021-08-30 13:50:00,6.009063,477159.9,477395.06,477053.94,477384.2
2021-08-30 13:51:00,5.5386143,477384.2,478089.44,476998.12,477521.4
2021-08-30 13:52:00,6.2799196,477521.4,477694.12,477168.3,477534.44
2021-08-30 13:53:00,5.318291,477534.44,477664.7,477285.94,477582.25
2021-08-30 13:54:00,4.670477,477582.25,477759.3,477331.56,477417.8
2021-08-30 13:55:00,5.793536,477417.8,477585.25,477184.34,477261.3
2021-08-30 13:56:00,5.6392536,477261.3,477327.25,477078.88,477192.72
2021-08-30 13:57:00,4.7536955,477192.72,477272.78,476964.44,477042.25
2021-08-30 13:58:00,4.7418203,477042.25,477399.06,476969.62,477255.78
2021-08-30 13:59:00,5.9503584,477255.78,477448.3,477099.94,477336.38
2021-08-30 14:00:00,6.747839,477336.38,478049.8,477157.06,477949.62
2021-08-30 14:01:00,6.9964767,477949.62,478032.94,477341.62,477523.8
2021-08-30 14:02:00,8.411963,477523.8,479407.78,477474.53,479013.38
2021-08-30 14:03:00,8.251636,479013.38,479330.12,478938.22,479102.72
2021-08-30 14:04:00,6.960156,479102.72,479257.94,478549.5,478705.53
2021-08-30 14:05:00,5.294966,478705.53,479319.0,478689.8,479238.44
2021-08-30 14:06:00,5.499504,479238.44,479330.38,478535.28,478634.66
2021-08-30 14:07:00,6.8020935,478634.66,479358.2,478632.2,478931.88
2021-08-30 14:08:00,5.5718217,478931.88,478991.38,478507.12,478591.03
2021-08-30 14:09:00,5.877332,478591.03,479157.06,478560.38,478635.06
2021-08-30 14:10:00,4.7627287,478635.06,478737.3,478464.75,478554.75
2021-08-30 14:11:00,4.9126697,478554.75,478856.62,478304.06,478494.3
2021-08-30 14:12:00,5.9301867,478494.3,478660.62,478254.25,478656.2
2021-08-30 14:13:00,6.1678815,478656.2,479114.06,478548.78,478984.0
2021-08-30 14:14:00,6.365645,478984.0,479062.5,478499.66,478837.8
2021-08-30 14:15:00,5.2391615,478837.8,478907.53,478607.62,478862.7
2021-08-30 14:16:00,5.7306895,478862.7,478876.7,478506.94,478558.53
2021-08-30 14:17:00,5.6507373,478558.53,478586.56,478436.47,478487.2
2021-08-30 14:18:00,5.606756,478487.2,478565.56,478175.94,478224.75
2021-08-30 14:19:00,5.455246,478224.75,478754.75,478224.97,478651.3
2021-08-30 14:20:00,5.8485813,478651.3,479088.3,478623.06,478809.0
2021-08-30 14:21:00,6.2331777,478809.0,478931.06,478503.75,478799.25
2021-08-30 14:22:00,6.0829706,478799.25,478828.5,478451.72,478706.2
2021-08-30 14:23:00,5.7539334,478706.2,479144.25,478653.12,479116.03
2021-08-30 14:24:00,5.520468,479116.03,479242.06,478775.0,479156.12
2021-08-30 14:25:00,5.047498,479156.12,479237.38,479034.44,479208.88
2021-08-30 14:26:00,4.6857924,479208.88,479214.25,478973.8,479097.7
2021-08-30 14:27:00,5.4522786,479097.7,479150.88,478770.75,478903.88
2021-08-30 14:28:00,5.0439663,478903.88,479093.3,478788.7,478963.0
2021-08-30 14:29:00,5.636817,478963.0,479018.2,478774.56,478898.94
2021-08-30 14:30:00,5.672492,478898.94,478961.53,478726.38,478837.12
2021-08-30 14:31:00,5.2272143,478837.12,478949.2,478474.5,478603.25
2021-08-30 14:32:00,6.3508277,478603.25,478631.16,478379.7,478426.44
2021-08-30 14:33:00,6.302825,478426.44,478603.3,478334.5,478400.47
2021-08-30 14:34:00,5.7896867,478400.47,478462.0,478293.38,478414.06
2021-08-30 14:35:00,5.478192,478414.06,478418.78,478218.3,478221.94
2021-08-30 14:36:00,5.2694645,478221.94,478672.62,478217.94,478325.2
2021-08-30 14:37:00,5.687792,478325.2,478362.0,478030.72,478043.34
2021-08-30 14:38:00,4.3679543,478043.34,478312.2,477982.12,478166.2
2021-08-30 14:39:00,5.538036,478166.2,478816.03,478054.1,478695.5
2021-08-30 14:40:00,5.3875566,478695.5,479078.06,478338.34,478862.16
2021-08-30 14:41:00,6.1818166,478862.16,478986.28,478442.22,478487.7
2021-08-30 14:42:00,6.1368465,478487.7,478710.0,478267.97,478340.7
2021-08-30 14:43:00,7.448684,478340.7,478349.5,477462.25,478152.78
2021-08-30 14:44:00,6.398075,478152.78,478190.28,477530.06,477607.3
2021-08-30 14:45:00,5.0748363,477607.3,477884.44,477412.94,477797.28
2021-08-30 14:46:00,6.7816267,477797.28,478058.88,477374.3,477387.88
2021-08-30 14:47:00,6.1367016,477387.88,478066.72,477324.88,477851.88
2021-08-30 14:48:00,5.7041903,477851.88,478291.78,477780.62,478135.38
2021-08-30 14:49:00,6.370363,478135.38,478135.38,477627.75,477672.06
2021-08-30 14:50:00,4.823881,477672.06,478025.62,477516.3,477599.62
2021-08-30 14:51:00,6.966997,477599.62,477761.38,477397.44,477476.22
2021-08-30 14:52:00,5.7203784,477476.22,477585.1,477224.0,477238.06
2021-08-30 14:53:00,5.3025265,477238.06,477388.56,476967.0,477145.3
2021-08-30 14:54:00,5.250231,477145.3,477216.75,476931.25,476962.9
2021-08-30 14:55:00,5.634148,476962.9,477348.53,476908.44,476995.2
2021-08-30 14:56:00,4.9350986,476995.2,477447.25,476988.28,477362.38
2021-08-30 14:57:00,4.816808,477362.38,477440.25,476785.8,476823.44
2021-08-30 14:58:00,5.7901506,476823.44,477138.84,476650.88,476966.0
2021-08-30 14:59:00,4.8383374,476966.0,477491.88,476913.97,477427.1
2021-08-30 15:00:00,4.611085,477427.1,477497.62,477065.66,477133.75
2021-08-30 15:01:00,6.2103376,477133.75,477306.88,476808.38,477039.8
2021-08-30 15:02:00,4.2318263,477039.8,477411.97,477026.22,477315.9
2021-08-30 15:03:00,4.595585,477315.9,477789.34,477262.3,477732.62
2021-08-30 15:04:00,5.256335,477732.62,477881.44,477589.7,477741.97
2021-08-30 15:05:00,6.0253243,477741.97,477896.25,477378.75,477419.56
2021-08-30 15:06:00,4.8101406,477419.56,477842.75,477400.62,477764.94
2021-08-30 15:07:00,4.583381,477764.94,478273.78,477594.62,478238.75
2021-08-30 15:08:00,5.2171917,478238.75,478443.8,478103.44,478272.56
2021-08-30 15:09:00,5.413283,478272.56,478508.53,478233.44,478402.94
2021-08-30 15:10:00,5.9990335,478402.94,478594.12,477913.47,478111.0
2021-08-30 15:11:00,4.8963156,478111.0,478532.5,477955.06,477980.38
2021-08-30 15:12:00,5.270181,477980.38,478257.0,477973.0,478017.88
2021-08-30 15:13:00,4.9397078,478017.88,478451.0,478013.12,478360.94
2021-08-30 15:14:00,4.7884297,478360.94,478595.7,478308.2,478467.12
2021-08-30 15:15:00,4.81458,478467.12,478817.3,478461.8,478698.34
2021-08-30 15:16:00,6.3993955,478698.34,478780.94,478259.5,478551.1
2021-08-30 15:17:00,5.76263,478551.1,478553.94,478236.34,478415.38
2021-08-30 15:18:00,5.723135,478415.38,478989.5,478229.94,478799.3
2021-08-30 15:19:00,5.5640197,478799.3,479041.56,478569.75,478923.06
2021-08-30 15:20:00,5.263747,478923.06,479013.56,478717.75,478881.38
2021-08-30 15:21:00,4.5741997,478881.38,478896.94,478630.66,478691.94
2021-08-30 15:22:00,4.540607,478691.94,478972.1,478673.97,478785.1
2021-08-30 15:23:00,6.2343326,478785.1,479076.66,478631.66,478691.56
2021-08-30 15:24:00,5.913152,478691.56,478786.12,478571.6,478709.88
2021-08-30 15:25:00,5.7566667,478709.88,478725.12,478489.7,478530.1
2021-08-30 15:26:00,4.300798,478530.1,478741.25,478374.84,478732.0
2021-08-30 15:27:00,4.847587,478732.0,478788.62,478565.1,478625.8
2021-08-30 15:28:00,4.546796,478625.8,478779.75,478365.16,478667.12
2021-08-30 15:29:00,5.58451,478667.12,479185.34,478591.56,478990.56
2021-08-30 15:30:00,5.7504287,478990.56,479033.94,478895.7,478968.0
2021-08-30 15:31:00,5.2864747,478968.0,479683.94,478945.88,479606.1
2021-08-30 15:32:00,5.938951,479606.1,480074.66,479434.94,479960.38
2021-08-30 15:33:00,7.2240877,479960.38,480611.12,479862.94,480377.3
2021-08-30 15:34:00,6.711589,480377.3,480614.88,479900.44,479950.94
2021-08-30 15:35:00,5.93829,479950.94,480584.5,479938.7,480417.56
2021-08-30 15:36:00,7.193871,480417.56,480531.8,480200.0,480340.62
2021-08-30 15:37:00,7.051374,480340.62,481123.0,480328.25,480874.72
2021-08-30 15:38:00,6.312271,480874.72,481010.44,480443.62,480568.2
2021-08-30 15:39:00,5.2359443,480568.2,480595.94,480188.88,480359.0
2021-08-30 15:40:00,5.6338315,480359.0,480359.0,480147.72,480308.0
2021-08-30 15:41:00,5.641343,480308.0,480565.25,479979.7,479985.06
2021-08-30 15:42:00,6.028866,479985.06,480163.56,479768.88,479868.47
2021-08-30 15:43:00,5.6349435,479868.47,480382.38,479783.0,480017.25
2021-08-30 15:44:00,4.5172963,480017.25,480173.78,479992.75,480065.5
2021-08-30 15:45:00,3.7866726,480065.5,480192.03,479986.75,480097.9
2021-08-30 15:46:00,4.3791475,480097.9,480509.2,480066.0,480176.8
2021-08-30 15:47:00,5.801703,480176.8,481079.25,480106.97,480643.6
2021-08-30 15:48:00,6.183719,480643.6,480675.84,480299.03,480299.2
2021-08-30 15:49:00,5.961332,480299.2,480859.28,480213.94,480628.88
2021-08-30 15:50:00,5.6166778,480628.88,480738.56,480352.6,480407.1
2021-08-30 15:51:00,5.441219,480407.1,481182.38,480399.0,481109.28
2021-08-30 15:52:00,4.9874825,481109.28,481177.12,480760.03,481046.2
2021-08-30 15:53:00,5.12435,481046.2,481149.25,480701.88,480729.5
2021-08-30 15:54:00,5.5792418,480729.5,481059.88,480705.9,481059.88
2021-08-30 15:55:00,5.361531,481059.88,481126.8,480822.9,481031.44
2021-08-30 15:56:00,4.472178,481031.44,481054.0,480693.38,480813.7
2021-08-30 15:57:00,5.8772683,480813.7,480902.5,480532.47,480772.44
2021-08-30 15:58:00,6.192198,480772.44,480992.84,480561.5,480700.44
2021-08-30 15:59:00,5.9008365,480700.44,480812.0,480519.25,480620.56
2021-08-30 16:00:00,5.444347,480620.56,480755.38,480291.06,480444.25
2021-08-30 16:01:00,6.254379,480444.25,480903.62,480404.7,480414.56
2021-08-30 16:02:00,5.8779287,480414.56,480515.97,480149.34,480182.22
2021-08-30 16:03:00,5.51251,480182.22,480481.7,480038.03,480042.5
2021-08-30 16:04:00,5.241504,480042.5,480106.06,479902.8,480036.5
2021-08-30 16:05:00,5.4619937,480036.5,480650.75,479970.06,480212.28
2021-08-30 16:06:00,4.8415985,480212.28,480449.38,480153.56,480210.56
2021-08-30 16:07:00,4.496249,480210.56,480425.25,480168.38,480299.2
2021-08-30 16:08:00,4.328832,480299.2,480487.28,480297.62,480454.5
2021-08-30 16:09:00,4.003007,480454.5,480573.56,480398.06,480514.0
2021-08-30 16:10:00,4.9954576,480514.0,480826.3,480477.16,480672.3
2021-08-30 16:11:00,4.1709976,480672.3,481028.03,480671.3,481014.0
2021-08-30 16:12:00,3.6592698,481014.0,481322.56,480956.75,481242.94
2021-08-30 16:13:00,3.8801546,481242.94,481465.06,481216.3,481284.3
2021-08-30 16:14:00,3.767999,481284.3,481465.06,481194.38,481307.56
2021-08-30 16:15:00,3.4922616,481307.56,481326.88,481172.1,481277.47
2021-08-30 16:16:00,3.7435262,481277.47,481536.3,481214.25,481317.9
2021-08-30 16:17:00,3.669288,481317.9,481629.0,481294.06,481566.62
2021-08-30 16:18:00,3.9634635,481566.62,481597.75,481247.0,481458.6
2021-08-30 16:19:00,4.2690606,481458.6,481474.62,480783.94,480877.03
2021-08-30 16:20:00,4.099927,480877.03,480947.8,480590.25,480662.75
2021-08-30 16:21:00,4.885306,480662.75,480830.12,480291.3,480742.44
2021-08-30 16:22:00,5.5184793,480742.44,480926.75,480601.6,480664.75
2021-08-30 16:23:00,5.4230556,480664.75,480747.38,480406.38,480643.0
2021-08-30 16:24:00,3.7550697,480643.0,480899.97,480605.6,480714.56
2021-08-30 16:25:00,4.687783,480714.56,481204.75,480707.44,481170.2
2021-08-30 16:26:00,5.9862194,481170.2,481180.5,480957.7,481051.2
2021-08-30 16:27:00,5.148249,481051.2,481110.75,480693.25,480729.38
2021-08-30 16:28:00,5.294912,480729.38,481244.94,480706.5,481113.12
2021-08-30 16:29:00,4.802845,481113.12,481300.25,481069.2,481266.2
2021-08-30 16:30:00,5.4317336,481266.2,481486.38,481135.9,481418.62
2021-08-30 16:31:00,5.8401475,481418.62,481516.9,481300.3,481495.3
2021-08-30 16:32:00,4.825831,481495.3,481523.66,480959.7,481065.62
2021-08-30 16:33:00,5.5685143,481065.62,481157.8,480666.75,480684.75
2021-08-30 16:34:00,4.2928576,480684.75,480889.25,480541.12,480781.44
2021-08-30 16:35:00,6.0687914,480781.44,481176.2,480721.5,480721.5
2021-08-30 16:36:00,5.3152266,480721.5,480800.6,480472.6,480667.38
2021-08-30 16:37:00,5.4389167,480667.38,481090.88,480643.56,480978.0
2021-08-30 16:38:00,6.1611037,480978.0,481225.12,480663.38,480744.12
2021-08-30 16:39:00,5.5711865,480744.12,480859.5,480550.8,480654.8
2021-08-30 16:40:00,6.0561333,480654.8,480849.5,480427.34,480757.8
2021-08-30 16:41:00,5.7800016,480757.8,480905.75,480566.97,480794.16
2021-08-30 16:42:00,5.634296,480794.16,480943.84,480725.28,480864.8
2021-08-30 16:43:00,5.6568084,480864.8,481569.3,480639.8,481541.62
2021-08-30 16:44:00,5.5460267,481541.62,481618.9,481363.38,481555.0
2021-08-30 16:45:00,3.8943923,481555.0,481722.38,481500.2,481696.7
2021-08-30 16:46:00,4.6079516,481696.7,481775.12,481493.25,481581.9
2021-08-30 16:47:00,5.00942,481581.9,481822.56,481576.7,481716.88
2021-08-30 16:48:00,3.6505816,481716.88,481832.53,481630.12,481809.5
2021-08-30 16:49:00,3.2232914,481809.5,481931.88,481798.56,481854.8
2021-08-30 16:50:00,2.3634226,481854.8,481928.66,481578.12,481661.7
2021-08-30 16:51:00,5.2796865,481661.7,481806.25,481455.06,481580.4
2021-08-30 16:52:00,5.0144343,481580.4,481824.5,481309.2,481370.72
2021-08-30 16:53:00,5.0087523,481370.72,481531.06,481277.5,481331.38
2021-08-30 16:54:00,4.6880236,481331.38,481469.7,481250.4,481336.7
2021-08-30 16:55:00,5.0475698,481336.7,481725.12,481339.38,481700.3
2021-08-30 16:56:00,4.4419994,481700.3,481857.56,481579.3,481654.75
2021-08-30 16:57:00,4.4683475,481654.75,481723.88,481500.75,481670.03
2021-08-30 16:58:00,4.127438,481670.03,481830.62,481598.25,481658.12
2021-08-30 16:59:00,4.491155,481658.12,481795.2,481407.44,481475.7
2021-08-30 17:00:00,4.5977435,481475.7,482085.5,481439.8,481964.12
2021-08-30 17:01:00,5.296546,481964.12,482141.28,481568.3,481916.66
2021-08-30 17:02:00,5.1049194,481916.66,482098.56,481814.56,482050.44
2021-08-30 17:03:00,4.2717876,482050.44,482101.88,481685.3,481790.12
2021-08-30 17:04:00,5.5426645,481790.12,481859.97,481322.03,481794.88
2021-08-30 17:05:00,6.162242,481794.88,481891.75,481101.9,481129.5
2021-08-30 17:06:00,5.7821746,481129.5,481505.2,481054.9,481248.56
2021-08-30 17:07:00,4.8038793,481248.56,481323.38,481127.6,481252.47
2021-08-30 17:08:00,4.4820275,481252.47,481378.34,481159.3,481186.75
2021-08-30 17:09:00,4.9014554,481186.75,481320.28,481007.3,481049.2
2021-08-30 17:10:00,4.367235,481049.2,481118.62,480943.53,481020.62
2021-08-30 17:11:00,4.5495906,481020.62,481269.44,480956.56,481053.25
2021-08-30 17:12:00,4.359596,481053.25,481305.56,481048.66,481156.25
2021-08-30 17:13:00,3.3543327,481156.25,481333.2,481095.75,481263.94
2021-08-30 17:14:00,3.847434,481263.94,481296.12,481012.97,481053.0
2021-08-30 17:15:00,4.913631,481053.0,481099.8,480729.03,480940.97
2021-08-30 17:16:00,4.1565957,480940.97,481218.12,480932.2,481100.8
2021-08-30 17:17:00,4.433647,481100.8,481625.75,481075.8,481565.5
2021-08-30 17:18:00,5.1838994,481565.5,481686.3,481438.1,481504.16
2021-08-30 17:19:00,4.2368712,481504.16,481668.88,481304.06,481468.38
2021-08-30 17:20:00,4.274966,481468.38,481554.5,481277.53,481376.0
2021-08-30 17:21:00,5.324013,481376.0,481449.94,481064.56,481209.03
2021-08-30 17:22:00,5.218522,481209.03,481473.38,481047.5,481438.88
2021-08-30 17:23:00,4.4626813,481438.88,481576.38,481144.3,481330.12
2021-08-30 17:24:00,4.7027903,481330.12,481366.66,481097.8,481175.25
2021-08-30 17:25:00,5.6437926,481175.25,481281.44,480895.38,480941.16
2021-08-30 17:26:00,4.837379,480941.16,481470.12,480935.94,481397.12
2021-08-30 17:27:00,3.5218105,481397.12,481622.3,481343.2,481503.38
2021-08-30 17:28:00,3.8463876,481503.38,481555.44,481267.88,481412.5
2021-08-30 17:29:00,3.8911703,481412.5,481562.6,481389.06,481520.47
2021-08-30 17:30:00,4.413841,481520.47,481618.5,481105.2,481193.03
2021-08-30 17:31:00,4.7140093,481193.03,481435.62,481024.38,481070.44
2021-08-30 17:32:00,4.851098,481070.44,481331.75,481046.62,481126.94
2021-08-30 17:33:00,4.173246,481126.94,481608.4,481126.75,481529.25
2021-08-30 17:34:00,4.8894744,481529.25,481539.16,481247.12,481286.9
2021-08-30 17:35:00,4.2175593,481286.9,481341.4,481074.06,481300.56
2021-08-30 17:36:00,4.906198,481300.56,481670.38,481291.38,481432.0
2021-08-30 17:37:00,4.712646,481432.0,481545.06,481208.44,481295.53
2021-08-30 17:38:00,5.5086327,481295.53,481341.25,481187.22,481311.5
2021-08-30 17:39:00,3.982478,481311.5,481348.94,481085.0,481187.75
2021-08-30 17:40:00,4.4669523,481187.75,481232.94,480985.06,481061.3
2021-08-30 17:41:00,3.926529,481061.3,481641.44,481040.03,481474.1
2021-08-30 17:42:00,4.5877914,481474.1,481534.94,481237.06,481292.25
2021-08-30 17:43:00,4.907219,481292.25,481472.6,481168.38,481399.4
2021-08-30 17:44:00,4.474984,481399.4,481447.2,481212.75,481291.97
2021-08-30 17:45:00,4.3317194,481291.97,481576.84,481275.5,481441.2
2021-08-30 17:46:00,5.011698,481441.2,481552.56,480968.0,480988.44
2021-08-30 17:47:00,4.7607274,480988.44,481615.06,480986.62,481388.16
2021-08-30 17:48:00,4.4251456,481388.16,481660.94,481358.5,481515.88
2021-08-30 17:49:00,5.0616837,481515.88,481550.88,481309.53,481470.94
2021-08-30 17:50:00,4.7549467,481470.94,481582.7,481075.2,481236.06
2021-08-30 17:51:00,4.380378,481236.06,481512.56,481182.25,481487.03
2021-08-30 17:52:00,4.7382317,481487.03,481543.22,481279.5,481422.75
2021-08-30 17:53:00,3.7189984,481422.75,481459.28,481092.8,481218.97
2021-08-30 17:54:00,4.3060975,481218.97,481523.38,481187.12,481492.5
2021-08-30 17:55:00,4.359313,481492.5,481566.0,481354.28,481501.3
2021-08-30 17:56:00,5.017462,481501.3,481984.0,481335.44,481842.8
2021-08-30 17:57:00,5.360703,481842.8,482619.44,481833.28,482585.62
2021-08-30 17:58:00,3.6122587,482585.62,482742.44,482456.4,482562.62
2021-08-30 17:59:00,6.6262083,482562.62,483552.78,482540.1,483301.38
2021-08-30 18:00:00,5.2419615,483301.38,483674.4,483272.44,483418.94
2021-08-30 18:01:00,7.9193807,483418.94,484835.5,483358.5,484307.56
2021-08-30 18:02:00,7.116633,484307.56,484579.1,483911.44,484164.44
2021-08-30 18:03:00,6.016627,484164.44,484497.88,484045.5,484207.44
2021-08-30 18:04:00,5.4407406,484207.44,484487.62,483673.0,483882.47
2021-08-30 18:05:00,5.830445,483882.47,483911.97,483209.5,483577.25
2021-08-30 18:06:00,5.3031263,483577.25,483813.28,483242.62,483312.03
2021-08-30 18:07:00,5.4280105,483312.03,483465.06,483227.34,483259.34
2021-08-30 18:08:00,6.0524316,483259.34,483519.62,483257.34,483361.0
2021-08-30 18:09:00,5.5157404,483361.0,483721.94,483344.0,483573.06
2021-08-30 18:10:00,4.830051,483573.06,483605.2,483178.44,483187.66
2021-08-30 18:11:00,4.5827065,483187.66,483198.25,482872.5,482919.5
2021-08-30 18:12:00,5.520525,482919.5,483108.38,482680.4,482769.56
2021-08-30 18:13:00,6.042165,482769.56,482905.25,482635.2,482770.5
2021-08-30 18:14:00,6.06496,482770.5,483037.4,482728.94,482862.44
2021-08-30 18:15:00,4.205939,482862.44,482946.34,482806.38,482868.25
2021-08-30 18:16:00,5.8753996,482868.25,483452.44,482833.06,483294.8
2021-08-30 18:17:00,5.880089,483294.8,483315.97,482691.66,482732.56
2021-08-30 18:18:00,6.3428493,482732.56,482974.12,482707.56,482797.56
2021-08-30 18:19:00,5.507736,482797.56,482823.62,482621.34,482665.25
2021-08-30 18:20:00,5.2880483,482665.25,482703.16,482373.97,482381.2
2021-08-30 18:21:00,5.6407747,482381.2,482381.2,482170.94,482253.16
2021-08-30 18:22:00,5.2777886,482253.16,482422.9,482046.88,482073.7
2021-08-30 18:23:00,5.2062354,482073.7,482180.94,481949.56,481979.03
2021-08-30 18:24:00,6.206939,481979.03,482135.2,481839.0,482092.75
2021-08-30 18:25:00,4.8272185,482092.75,482418.75,482027.6,482276.94
2021-08-30 18:26:00,4.0941396,482276.94,482362.3,482187.53,482278.2
2021-08-30 18:27:00,5.6694946,482278.2,482916.4,482243.3,482561.47
2021-08-30 18:28:00,6.268639,482561.47,482677.4,482276.06,482534.7
2021-08-30 18:29:00,5.875231,482534.7,482774.47,482446.38,482651.0
2021-08-30 18:30:00,5.409253,482651.0,482933.1,482573.75,482754.1
2021-08-30 18:31:00,4.781482,482754.1,483114.8,482702.12,483012.44
2021-08-30 18:32:00,5.899644,483012.44,483426.97,483013.4,483226.25
2021-08-30 18:33:00,4.9407644,483226.25,483571.25,483209.38,483566.88
2021-08-30 18:34:00,6.355587,483566.88,483706.88,483258.97,483443.94
2021-08-30 18:35:00,5.060999,483443.94,483462.75,482986.66,482993.44
2021-08-30 18:36:00,6.2922873,482993.44,483156.5,482801.06,482854.5
2021-08-30 18:37:00,5.4950094,482854.5,483310.88,482850.38,483232.3
2021-08-30 18:38:00,5.4810014,483232.3,483359.22,483027.94,483118.0
2021-08-30 18:39:00,5.351867,483118.0,483495.5,483080.3,483425.1
2021-08-30 18:40:00,6.110734,483425.1,483588.8,483301.75,483570.66
2021-08-30 18:41:00,6.4921846,483570.66,483738.53,483492.5,483647.12
2021-08-30 18:42:00,5.8891873,483647.12,483941.12,483283.3,483825.78
2021-08-30 18:43:00,6.237518,483825.78,484136.56,483457.88,483601.38
2021-08-30 18:44:00,5.2392054,483601.38,483754.44,483256.25,483438.88
2021-08-30 18:45:00,5.0053096,483438.88,483536.44,483300.5,483468.25
2021-08-30 18:46:00,5.9669657,483468.25,483830.25,483309.56,483331.62
2021-08-30 18:47:00,4.82749,483331.62,483621.62,483292.56,483472.0
2021-08-30 18:48:00,4.535328,483472.0,483970.75,483467.75,483919.3
2021-08-30 18:49:00,5.0064464,483919.3,483969.0,483777.7,483892.62
2021-08-30 18:50:00,5.979176,483892.62,484711.25,483868.5,484022.5
2021-08-30 18:51:00,3.9376104,484022.5,484394.38,484016.3,484371.78
2021-08-30 18:52:00,5.7271667,484371.78,484837.88,484341.62,484646.88
2021-08-30 18:53:00,6.687683,484646.88,485347.75,484560.47,484858.72
2021-08-30 18:54:00,5.7883644,484858.72,485095.2,484448.88,484534.56
2021-08-30 18:55:00,5.4711423,484534.56,485054.9,484512.97,484944.56
2021-08-30 18:56:00,4.8031535,484944.56,485168.12,484806.12,485072.12
2021-08-30 18:57:00,4.991755,485072.12,485161.1,484824.84,485003.12
2021-08-30 18:58:00,4.5393047,485003.12,485299.9,484965.56,485038.7
2021-08-30 18:59:00,4.0192766,485038.7,485235.78,484978.44,485113.94
2021-08-30 19:00:00,4.9900393,485113.94,485434.8,485053.3,485224.12
2021-08-30 19:01:00,5.0321703,485224.12,485568.22,485173.62,485515.38
2021-08-30 19:02:00,5.10783,485515.38,485572.06,484995.88,485182.66
2021-08-30 19:03:00,4.586187,485182.66,485524.28,485157.7,485478.44
2021-08-30 19:04:00,5.7447004,485478.44,485741.0,485426.7,485642.88
2021-08-30 19:05:00,4.7877097,485642.88,485829.38,485543.06,485724.62
2021-08-30 19:06:00,5.6395245,485724.62,485736.62,485037.75,485117.3
2021-08-30 19:07:00,4.3906975,485117.3,485288.56,484805.3,484888.3
2021-08-30 19:08:00,5.0614786,484888.3,485147.12,484815.06,484940.6
2021-08-30 19:09:00,5.1379337,484940.6,485200.9,484777.38,484825.38
